{
  "Beras": {
    "lstm": {
      "MAE": 94.66941691727718,
      "RMSE": 109.3667915781083,
      "MAPE": 0.5989325876452646
    },
    "gru": {
      "MAE": 71.697776027867,
      "RMSE": 87.37939752135256,
      "MAPE": 0.45256490553071804
    },
    "tft": {
      "MAE": 344.37997392024533,
      "RMSE": 358.90785112476,
      "MAPE": 2.171108855691612
    },
    "nlinear": {
      "MAE": 79.72083067407414,
      "RMSE": 100.2662082108095,
      "MAPE": 0.5028255904915178
    }
  },
  "Minyak Goreng": {
    "lstm": {
      "MAE": 330.2803886401189,
      "RMSE": 421.7949699424652,
      "MAPE": 1.4926066296199714
    },
    "gru": {
      "MAE": 261.14883034702575,
      "RMSE": 349.24618609259727,
      "MAPE": 1.1756750599783707
    },
    "tft": {
      "MAE": 853.1898073727656,
      "RMSE": 1079.1819958940375,
      "MAPE": 3.845056290388104
    },
    "nlinear": {
      "MAE": 115.2552794547603,
      "RMSE": 145.53841472324504,
      "MAPE": 0.5313668813378286
    }
  },
  "Telur Ayam": {
    "lstm": {
      "MAE": 610.1432062072664,
      "RMSE": 744.9016351740556,
      "MAPE": 1.8816872476442204
    },
    "gru": {
      "MAE": 668.0600680572124,
      "RMSE": 924.3410129122282,
      "MAPE": 2.0542327192958907
    },
    "tft": {
      "MAE": 1136.8520835261315,
      "RMSE": 1306.27822383328,
      "MAPE": 3.5055221434186166
    },
    "nlinear": {
      "MAE": 533.406462891277,
      "RMSE": 700.6115772043539,
      "MAPE": 1.6640521500700132
    }
  },
  "Cabai Merah": {
    "lstm": {
      "MAE": 4720.040679754818,
      "RMSE": 5298.556593474753,
      "MAPE": 9.439391892840858
    },
    "gru": {
      "MAE": 3086.9728464584846,
      "RMSE": 4079.2549312196484,
      "MAPE": 6.06638144414423
    },
    "tft": {
      "MAE": 5182.739803059535,
      "RMSE": 6051.3640425928,
      "MAPE": 10.457937006578323
    },
    "nlinear": {
      "MAE": 2832.9567185414744,
      "RMSE": 3766.4099529792993,
      "MAPE": 5.333907516597779
    }
  },
  "Daging Ayam": {
    "lstm": {
      "MAE": 1836.2356821649887,
      "RMSE": 1989.3186577944534,
      "MAPE": 4.49748034624777
    },
    "gru": {
      "MAE": 1499.7425250105455,
      "RMSE": 1706.2354929467622,
      "MAPE": 3.672437189528019
    },
    "tft": {
      "MAE": 1985.3226354618682,
      "RMSE": 2105.899288515999,
      "MAPE": 4.8584125922640595
    },
    "nlinear": {
      "MAE": 513.1588996968007,
      "RMSE": 673.9137453756776,
      "MAPE": 1.2688068429655164
    }
  },
  "Bawang Merah": {
    "lstm": {
      "MAE": 1902.6412202018828,
      "RMSE": 2312.057401791818,
      "MAPE": 4.0886115137668915
    },
    "gru": {
      "MAE": 825.0925404758607,
      "RMSE": 1152.775138015524,
      "MAPE": 1.7614937260712247
    },
    "tft": {
      "MAE": 1722.3624054119036,
      "RMSE": 2220.4822528246814,
      "MAPE": 3.559100096741414
    },
    "nlinear": {
      "MAE": 1026.0296767850532,
      "RMSE": 1349.8059065641764,
      "MAPE": 2.1916859675594167
    }
  }
}