{
  "Beras": {
    "lstm": {
      "MAE": 59.92637580274639,
      "RMSE": 76.56556187921346,
      "MAPE": 0.37784258006738514
    },
    "gru": {
      "MAE": 80.97348013766727,
      "RMSE": 102.46796959504452,
      "MAPE": 0.5107209565131371
    },
    "tft": {
      "MAE": 237.29172130500464,
      "RMSE": 273.3154254257111,
      "MAPE": 1.499842622793561
    }
  },
  "Minyak Goreng": {
    "lstm": {
      "MAE": 200.28196631517625,
      "RMSE": 261.5971324861334,
      "MAPE": 0.9166632920832803
    },
    "gru": {
      "MAE": 167.1374711775242,
      "RMSE": 210.57460152729928,
      "MAPE": 0.7661996802898446
    },
    "tft": {
      "MAE": 847.842599535571,
      "RMSE": 957.1028555029407,
      "MAPE": 3.9056259712327726
    }
  },
  "Telur Ayam": {
    "lstm": {
      "MAE": 606.9604686477721,
      "RMSE": 686.2470529369812,
      "MAPE": 1.8813654933973345
    },
    "gru": {
      "MAE": 732.4890158416927,
      "RMSE": 858.6100981075795,
      "MAPE": 2.2729131406118612
    },
    "tft": {
      "MAE": 1088.9678847110056,
      "RMSE": 1241.003676125771,
      "MAPE": 3.362428882596481
    }
  },
  "Cabai Merah": {
    "lstm": {
      "MAE": 3292.0905567369514,
      "RMSE": 4023.1971051535834,
      "MAPE": 6.678347150756676
    },
    "gru": {
      "MAE": 2761.3530309128582,
      "RMSE": 3364.5611093802977,
      "MAPE": 5.543456074625955
    },
    "tft": {
      "MAE": 3489.782558207897,
      "RMSE": 4077.3117768719276,
      "MAPE": 7.293293913805204
    }
  },
  "Daging Ayam": {
    "lstm": {
      "MAE": 1154.9376208512556,
      "RMSE": 1335.5721091055593,
      "MAPE": 2.8371268087863952
    },
    "gru": {
      "MAE": 1025.251243263483,
      "RMSE": 1250.9506183175936,
      "MAPE": 2.500932384376719
    },
    "tft": {
      "MAE": 2224.6090349342144,
      "RMSE": 2429.343491836865,
      "MAPE": 5.4416251381489245
    }
  }
}