{
  "Beras": {
    "lstm": {
      "MAE": 94.27007692572629,
      "RMSE": 118.27477375711403,
      "MAPE": 0.5942618069501469
    },
    "gru": {
      "MAE": 63.17980063385467,
      "RMSE": 74.21696611763554,
      "MAPE": 0.3993490755713101
    },
    "tft": {
      "MAE": 300.34961475109355,
      "RMSE": 309.5879966806268,
      "MAPE": 1.8974661298949762
    },
    "nlinear": {
      "MAE": 67.32415627555704,
      "RMSE": 87.39817117829837,
      "MAPE": 0.4253288603552268
    }
  },
  "Minyak Goreng": {
    "lstm": {
      "MAE": 446.34774044500017,
      "RMSE": 509.94047127204254,
      "MAPE": 2.050293270326606
    },
    "gru": {
      "MAE": 259.8345603577732,
      "RMSE": 308.16170866570405,
      "MAPE": 1.193807564898816
    },
    "tft": {
      "MAE": 570.9957238739904,
      "RMSE": 751.664719203153,
      "MAPE": 2.602288947782181
    },
    "nlinear": {
      "MAE": 113.55719097651173,
      "RMSE": 144.6618908984313,
      "MAPE": 0.5268372180496097
    }
  },
  "Telur Ayam": {
    "lstm": {
      "MAE": 781.3515894798203,
      "RMSE": 848.0587313413483,
      "MAPE": 2.430428384325582
    },
    "gru": {
      "MAE": 527.864913883167,
      "RMSE": 693.5663621004359,
      "MAPE": 1.6286688152874584
    },
    "tft": {
      "MAE": 1405.348409471553,
      "RMSE": 1583.3977996912963,
      "MAPE": 4.33261642235885
    },
    "nlinear": {
      "MAE": 452.7895438879333,
      "RMSE": 574.3514910231905,
      "MAPE": 1.407820632975716
    }
  },
  "Cabai Merah": {
    "lstm": {
      "MAE": 4116.217779849219,
      "RMSE": 4851.669514446169,
      "MAPE": 8.4901053320702
    },
    "gru": {
      "MAE": 3250.3063295578036,
      "RMSE": 4001.6472917974343,
      "MAPE": 6.4876546240879085
    },
    "tft": {
      "MAE": 3282.8043447562254,
      "RMSE": 4140.789866169143,
      "MAPE": 6.7104759794102256
    },
    "nlinear": {
      "MAE": 2324.0408113243725,
      "RMSE": 3345.4311335003567,
      "MAPE": 4.4285773254007035
    }
  },
  "Daging Ayam": {
    "lstm": {
      "MAE": 1572.5067166317572,
      "RMSE": 1719.8085134977073,
      "MAPE": 3.849776904937477
    },
    "gru": {
      "MAE": 1132.5682689222558,
      "RMSE": 1356.7591716387685,
      "MAPE": 2.7767683207197336
    },
    "tft": {
      "MAE": 2711.5824503483655,
      "RMSE": 2937.149244179115,
      "MAPE": 6.623584327718211
    },
    "nlinear": {
      "MAE": 626.473772831619,
      "RMSE": 797.6405915845866,
      "MAPE": 1.5478403193514005
    }
  },
  "Bawang Merah": {
    "lstm": {
      "MAE": 1047.0442189920418,
      "RMSE": 1480.2033334287355,
      "MAPE": 2.256237506295473
    },
    "gru": {
      "MAE": 1035.6132250090948,
      "RMSE": 1384.688917255682,
      "MAPE": 2.2466520179245943
    },
    "tft": {
      "MAE": 1922.284995468423,
      "RMSE": 2604.7621099928165,
      "MAPE": 4.030441982331605
    },
    "nlinear": {
      "MAE": 925.0124971344555,
      "RMSE": 1191.3085375813444,
      "MAPE": 2.008577993069932
    }
  }
}