{
  "Beras": {
    "lstm": {
<<<<<<< Updated upstream
      "MAE": 70.58890406629814,
      "RMSE": 83.51702897535303,
      "MAPE": 0.44589415743427785
    },
    "gru": {
      "MAE": 76.95631108390157,
      "RMSE": 90.2166819468082,
      "MAPE": 0.48596873122807754
    },
    "tft": {
      "MAE": 279.77024119948635,
      "RMSE": 305.0477176603014,
      "MAPE": 1.7649837595098699
    },
    "nlinear": {
      "MAE": 79.21768221209355,
      "RMSE": 99.025763780939,
      "MAPE": 0.49978410543389773
=======
      "MAE": 150.3311198462714,
      "RMSE": 179.2750778746907,
      "MAPE": 0.9501734130208436
    },
    "gru": {
      "MAE": 69.52244380601704,
      "RMSE": 85.64977338567192,
      "MAPE": 0.43921962610838766
    },
    "tft": {
      "MAE": 329.24474613114734,
      "RMSE": 409.65333053438405,
      "MAPE": 2.079063544982839
    },
    "nlinear": {
      "MAE": 77.15133526365383,
      "RMSE": 97.18373224254522,
      "MAPE": 0.4871111693035207
>>>>>>> Stashed changes
    }
  },
  "Minyak Goreng": {
    "lstm": {
<<<<<<< Updated upstream
      "MAE": 213.09849616547905,
      "RMSE": 277.98187527794585,
      "MAPE": 0.9622037690220644
    },
    "gru": {
      "MAE": 155.54194584184762,
      "RMSE": 204.52542576658192,
      "MAPE": 0.7115954561819537
    },
    "tft": {
      "MAE": 882.529028664051,
      "RMSE": 1054.0188691853207,
      "MAPE": 3.99716281499289
    },
    "nlinear": {
      "MAE": 113.1021734513688,
      "RMSE": 143.66963320305584,
      "MAPE": 0.520823898741644
=======
      "MAE": 358.9613165490269,
      "RMSE": 442.55838236797365,
      "MAPE": 1.6374891181434057
    },
    "gru": {
      "MAE": 147.47288638885067,
      "RMSE": 197.49883443036885,
      "MAPE": 0.6723609552792438
    },
    "tft": {
      "MAE": 875.5577938860085,
      "RMSE": 1041.323984694849,
      "MAPE": 3.999776177980794
    },
    "nlinear": {
      "MAE": 113.90092300015246,
      "RMSE": 143.51252371228543,
      "MAPE": 0.5286133561821558
>>>>>>> Stashed changes
    }
  },
  "Telur Ayam": {
    "lstm": {
<<<<<<< Updated upstream
      "MAE": 677.5479496041409,
      "RMSE": 809.7377601707517,
      "MAPE": 2.088069031986982
    },
    "gru": {
      "MAE": 789.4710138504637,
      "RMSE": 976.0684955993999,
      "MAPE": 2.4403999512139363
    },
    "tft": {
      "MAE": 904.660112672037,
      "RMSE": 1064.5021378170559,
      "MAPE": 2.7855482619254945
    },
    "nlinear": {
      "MAE": 526.0949739904112,
      "RMSE": 696.5159434932214,
      "MAPE": 1.6404066330910694
=======
      "MAE": 900.3647771464676,
      "RMSE": 1020.8704457213759,
      "MAPE": 2.7818251434687764
    },
    "gru": {
      "MAE": 641.5894503937012,
      "RMSE": 850.7974981998291,
      "MAPE": 1.9745339661442787
    },
    "tft": {
      "MAE": 1487.421986838095,
      "RMSE": 1620.3423707103655,
      "MAPE": 4.606835124183389
    },
    "nlinear": {
      "MAE": 447.59333133697464,
      "RMSE": 587.6940384153942,
      "MAPE": 1.391037881728945
>>>>>>> Stashed changes
    }
  },
  "Cabai Merah": {
    "lstm": {
<<<<<<< Updated upstream
      "MAE": 5424.161072351826,
      "RMSE": 6207.584836166067,
      "MAPE": 11.197420026465842
    },
    "gru": {
      "MAE": 3657.4080729777606,
      "RMSE": 4624.899577986398,
      "MAPE": 7.3071394095230096
    },
    "tft": {
      "MAE": 5975.379741144866,
      "RMSE": 6864.023478923154,
      "MAPE": 11.992518670394544
    },
    "nlinear": {
      "MAE": 2615.0579290371215,
      "RMSE": 3637.308882366712,
      "MAPE": 4.885501972727677
=======
      "MAE": 4426.241122759735,
      "RMSE": 5237.496188201141,
      "MAPE": 9.049040910652256
    },
    "gru": {
      "MAE": 2757.8948337401143,
      "RMSE": 3743.8236918537873,
      "MAPE": 5.369952752352622
    },
    "tft": {
      "MAE": 4303.3280946830255,
      "RMSE": 5338.215020321643,
      "MAPE": 8.999106546771465
    },
    "nlinear": {
      "MAE": 2618.361232009108,
      "RMSE": 3568.8841777519524,
      "MAPE": 4.981618940259745
>>>>>>> Stashed changes
    }
  },
  "Daging Ayam": {
    "lstm": {
<<<<<<< Updated upstream
      "MAE": 2057.632633594908,
      "RMSE": 2252.7915846722394,
      "MAPE": 5.017259504534642
    },
    "gru": {
      "MAE": 1505.699288894825,
      "RMSE": 1712.4882185490476,
      "MAPE": 3.674176063785375
    },
    "tft": {
      "MAE": 2428.1218812219804,
      "RMSE": 2568.9030616218697,
      "MAPE": 5.951344676997703
    },
    "nlinear": {
      "MAE": 611.5067519141555,
      "RMSE": 774.2077114523812,
      "MAPE": 1.511309350377561
=======
      "MAE": 2213.458745058856,
      "RMSE": 2391.7689716163563,
      "MAPE": 5.412114406441487
    },
    "gru": {
      "MAE": 1450.7796980686956,
      "RMSE": 1649.223233738082,
      "MAPE": 3.5424395910720157
    },
    "tft": {
      "MAE": 2634.8618841169405,
      "RMSE": 2827.266458734318,
      "MAPE": 6.442985492351593
    },
    "nlinear": {
      "MAE": 489.50564190605917,
      "RMSE": 630.0833162617864,
      "MAPE": 1.2081238688317597
>>>>>>> Stashed changes
    }
  },
  "Bawang Merah": {
    "lstm": {
<<<<<<< Updated upstream
      "MAE": 1577.6202328719692,
      "RMSE": 2075.2981732411254,
      "MAPE": 3.37435604324844
    },
    "gru": {
      "MAE": 1027.5848699854566,
      "RMSE": 1362.2928728612524,
      "MAPE": 2.167164743258265
    },
    "tft": {
      "MAE": 1985.6605396126256,
      "RMSE": 2645.4707681721893,
      "MAPE": 4.059618097333237
    },
    "nlinear": {
      "MAE": 950.7170486907274,
      "RMSE": 1213.253062660897,
      "MAPE": 2.0247134917441545
=======
      "MAE": 948.8869462471341,
      "RMSE": 1216.2889527278605,
      "MAPE": 2.050653442523223
    },
    "gru": {
      "MAE": 814.653859916361,
      "RMSE": 1098.1584028777504,
      "MAPE": 1.7539165761313764
    },
    "tft": {
      "MAE": 1879.2870666857295,
      "RMSE": 2599.736418514228,
      "MAPE": 3.9467928327307895
    },
    "nlinear": {
      "MAE": 892.6238372261943,
      "RMSE": 1184.7994542687304,
      "MAPE": 1.9260991477819271
>>>>>>> Stashed changes
    }
  }
}