{
  "Beras": {
    "lstm": {
      "MAE": 113.94926380296671,
      "RMSE": 139.67384025124505,
      "MAPE": 0.7178384526256482
    },
    "gru": {
      "MAE": 43.86061368151481,
      "RMSE": 53.09629171160876,
      "MAPE": 0.2770799361588145
    },
    "tft": {
      "MAE": 426.91834841455733,
      "RMSE": 432.594156808319,
      "MAPE": 2.694784452221655
    },
    "nlinear": {
      "MAE": 101.13131785985105,
      "RMSE": 128.85267833491125,
      "MAPE": 0.6386970910365697
    }
  },
  "Minyak Goreng": {
    "lstm": {
      "MAE": 314.79635490764,
      "RMSE": 372.87455774082144,
      "MAPE": 1.436308192313801
    },
    "gru": {
      "MAE": 242.59446614462396,
      "RMSE": 266.4046887501336,
      "MAPE": 1.116258593650105
    },
    "tft": {
      "MAE": 670.9483697473632,
      "RMSE": 885.4108859621281,
      "MAPE": 3.0307322628036015
    },
    "nlinear": {
      "MAE": 122.02311309228033,
      "RMSE": 154.65630327463484,
      "MAPE": 0.5639564097655653
    }
  },
  "Telur Ayam": {
    "lstm": {
      "MAE": 1049.46294038192,
      "RMSE": 1208.5819607929395,
      "MAPE": 3.2390649350848406
    },
    "gru": {
      "MAE": 621.6201328712954,
      "RMSE": 747.9589264483567,
      "MAPE": 1.9164999821126245
    },
    "tft": {
      "MAE": 1244.1718390454412,
      "RMSE": 1384.2211493614634,
      "MAPE": 3.843598282468113
    },
    "nlinear": {
      "MAE": 514.1083539828007,
      "RMSE": 677.8191589668202,
      "MAPE": 1.6027034959991087
    }
  },
  "Cabai Merah": {
    "lstm": {
      "MAE": 4582.632457324252,
      "RMSE": 5605.071223455045,
      "MAPE": 9.278447657790553
    },
    "gru": {
      "MAE": 3130.6933864914113,
      "RMSE": 3982.7115039946293,
      "MAPE": 6.181983408679908
    },
    "tft": {
      "MAE": 4416.148488682619,
      "RMSE": 5350.455762346361,
      "MAPE": 8.984356048985061
    },
    "nlinear": {
      "MAE": 2656.608327260669,
      "RMSE": 3585.5706080079844,
      "MAPE": 5.021201980549705
    }
  },
  "Daging Ayam": {
    "lstm": {
      "MAE": 1699.821339607794,
      "RMSE": 1880.193677418529,
      "MAPE": 4.156719149639839
    },
    "gru": {
      "MAE": 1357.4716884712254,
      "RMSE": 1584.299885581718,
      "MAPE": 3.3161124906076944
    },
    "tft": {
      "MAE": 2921.7295551568454,
      "RMSE": 3048.6417989808674,
      "MAPE": 7.158931702440629
    },
    "nlinear": {
      "MAE": 515.2330495509672,
      "RMSE": 672.74286444588,
      "MAPE": 1.2734591968858522
    }
  },
  "Bawang Merah": {
    "lstm": {
      "MAE": 1015.121246228307,
      "RMSE": 1427.4071163520046,
      "MAPE": 2.1724045367162375
    },
    "gru": {
      "MAE": 845.7442836361643,
      "RMSE": 1220.3750320711147,
      "MAPE": 1.8032804814625052
    },
    "tft": {
      "MAE": 2086.10139062686,
      "RMSE": 2509.918024168827,
      "MAPE": 4.378358554826694
    },
    "nlinear": {
      "MAE": 867.5890651548872,
      "RMSE": 1125.9806700392219,
      "MAPE": 1.8661209402230439
    }
  }
}