{
  "Beras": {
    "lstm": {
      "MAE": 70.58890406629814,
      "RMSE": 83.51702897535303,
      "MAPE": 0.44589415743427785
    },
    "gru": {
      "MAE": 76.95631108390157,
      "RMSE": 90.2166819468082,
      "MAPE": 0.48596873122807754
    },
    "tft": {
      "MAE": 279.77024119948635,
      "RMSE": 305.0477176603014,
      "MAPE": 1.7649837595098699
    },
    "nlinear": {
      "MAE": 79.21768221209355,
      "RMSE": 99.025763780939,
      "MAPE": 0.49978410543389773
    }
  },
  "Minyak Goreng": {
    "lstm": {
      "MAE": 213.09849616547905,
      "RMSE": 277.98187527794585,
      "MAPE": 0.9622037690220644
    },
    "gru": {
      "MAE": 155.54194584184762,
      "RMSE": 204.52542576658192,
      "MAPE": 0.7115954561819537
    },
    "tft": {
      "MAE": 882.529028664051,
      "RMSE": 1054.0188691853207,
      "MAPE": 3.99716281499289
    },
    "nlinear": {
      "MAE": 113.1021734513688,
      "RMSE": 143.66963320305584,
      "MAPE": 0.520823898741644
    }
  },
  "Telur Ayam": {
    "lstm": {
      "MAE": 677.5479496041409,
      "RMSE": 809.7377601707517,
      "MAPE": 2.088069031986982
    },
    "gru": {
      "MAE": 789.4710138504637,
      "RMSE": 976.0684955993999,
      "MAPE": 2.4403999512139363
    },
    "tft": {
      "MAE": 904.660112672037,
      "RMSE": 1064.5021378170559,
      "MAPE": 2.7855482619254945
    },
    "nlinear": {
      "MAE": 526.0949739904112,
      "RMSE": 696.5159434932214,
      "MAPE": 1.6404066330910694
    }
  },
  "Cabai Merah": {
    "lstm": {
      "MAE": 5424.161072351826,
      "RMSE": 6207.584836166067,
      "MAPE": 11.197420026465842
    },
    "gru": {
      "MAE": 3657.4080729777606,
      "RMSE": 4624.899577986398,
      "MAPE": 7.3071394095230096
    },
    "tft": {
      "MAE": 5975.379741144866,
      "RMSE": 6864.023478923154,
      "MAPE": 11.992518670394544
    },
    "nlinear": {
      "MAE": 2615.0579290371215,
      "RMSE": 3637.308882366712,
      "MAPE": 4.885501972727677
    }
  },
  "Daging Ayam": {
    "lstm": {
      "MAE": 2057.632633594908,
      "RMSE": 2252.7915846722394,
      "MAPE": 5.017259504534642
    },
    "gru": {
      "MAE": 1505.699288894825,
      "RMSE": 1712.4882185490476,
      "MAPE": 3.674176063785375
    },
    "tft": {
      "MAE": 2428.1218812219804,
      "RMSE": 2568.9030616218697,
      "MAPE": 5.951344676997703
    },
    "nlinear": {
      "MAE": 611.5067519141555,
      "RMSE": 774.2077114523812,
      "MAPE": 1.511309350377561
    }
  },
  "Bawang Merah": {
    "lstm": {
      "MAE": 1577.6202328719692,
      "RMSE": 2075.2981732411254,
      "MAPE": 3.37435604324844
    },
    "gru": {
      "MAE": 1027.5848699854566,
      "RMSE": 1362.2928728612524,
      "MAPE": 2.167164743258265
    },
    "tft": {
      "MAE": 1985.6605396126256,
      "RMSE": 2645.4707681721893,
      "MAPE": 4.059618097333237
    },
    "nlinear": {
      "MAE": 950.7170486907274,
      "RMSE": 1213.253062660897,
      "MAPE": 2.0247134917441545
    }
  }
}